id,label
train_00000,0
train_00001,1
train_00002,0
train_00003,1
train_00004,1
train_00005,0
train_00006,1
train_00007,0
train_00008,1
train_00009,1
train_00010,0
train_00012,1
train_00013,0
train_00014,0
train_00015,1
train_00016,0
train_00017,0
train_00018,1
train_00019,0
train_00020,1
train_00021,0
train_00022,0
train_00023,0
train_00024,1
train_00025,1
train_00026,1
train_00029,1
train_00030,0
train_00031,1
train_00032,0
train_00033,0
train_00034,1
train_00035,0
train_00036,0
train_00037,0
train_00038,0
train_00039,0
train_00040,0
train_00041,0
train_00043,0
train_00044,1
train_00045,1
train_00046,1
train_00047,0
train_00049,0
train_00050,0
train_00051,0
train_00052,1
train_00053,1
train_00054,0
train_00055,0
train_00056,1
train_00057,0
train_00058,1
train_00059,0
train_00060,0
train_00061,1
train_00062,0
train_00063,0
train_00064,0
train_00065,0
train_00066,0
train_00067,0
train_00068,0
train_00069,1
train_00070,0
train_00071,0
train_00072,1
train_00073,0
train_00074,1
train_00075,0
train_00076,0
train_00077,0
train_00078,0
train_00079,0
train_00080,1
train_00081,1
train_00082,1
train_00083,0
train_00084,0
train_00085,1
train_00086,1
train_00087,0
train_00088,0
train_00089,1
train_00090,0
train_00091,1
train_00092,1
train_00093,0
train_00094,0
train_00095,0
train_00096,1
train_00097,0
train_00099,1
train_00100,0
train_00101,0
train_00102,0
train_00103,0
train_00104,0
train_00105,0
train_00106,0
train_00107,1
train_00108,0
train_00109,0
train_00110,0
train_00111,0
train_00112,0
train_00113,1
train_00114,0
train_00116,0
train_00117,1
train_00118,0
train_00119,1
train_00120,0
train_00121,1
train_00122,0
train_00123,0
train_00124,0
train_00125,1
train_00127,1
train_00128,0
train_00129,0
train_00130,0
train_00131,0
train_00132,0
train_00133,0
train_00134,0
train_00136,1
train_00137,0
train_00138,0
train_00139,1
train_00140,1
train_00141,0
train_00142,1
train_00143,0
train_00144,0
train_00145,0
train_00146,0
train_00147,0
train_00148,0
train_00149,0
train_00150,0
train_00151,1
train_00152,1
train_00153,1
train_00154,0
train_00155,1
train_00156,0
train_00157,0
train_00158,1
train_00160,1
train_00161,1
train_00162,0
train_00163,1
train_00164,1
train_00165,0
train_00166,0
train_00167,1
train_00168,0
train_00169,0
train_00170,0
train_00171,0
train_00172,0
train_00173,0
train_00174,0
train_00175,1
train_00176,1
train_00177,1
train_00178,0
train_00179,0
train_00180,0
train_00181,1
train_00182,1
train_00183,0
train_00184,0
train_00185,0
train_00186,0
train_00188,1
train_00189,0
train_00190,1
train_00191,1
train_00192,1
train_00193,0
train_00194,1
train_00195,0
train_00196,0
train_00197,0
train_00198,1
train_00199,1
train_00200,0
train_00201,1
train_00202,0
train_00203,0
train_00204,0
train_00205,1
train_00206,1
train_00207,0
train_00208,0
train_00209,0
train_00210,0
train_00211,1
train_00212,0
train_00213,0
train_00214,1
train_00215,0
train_00216,0
train_00217,1
train_00218,0
train_00219,1
train_00220,0
train_00221,0
train_00222,0
train_00223,0
train_00224,0
train_00225,0
train_00226,0
train_00227,0
train_00228,0
train_00229,0
train_00230,1
train_00231,1
train_00232,0
train_00233,0
train_00234,0
train_00235,1
train_00236,0
train_00237,1
train_00238,1
train_00239,0
train_00240,0
train_00241,1
train_00242,0
train_00243,0
train_00245,1
train_00246,0
train_00247,0
train_00248,0
train_00249,0
train_00250,0
train_00251,0
train_00252,0
train_00253,1
train_00254,0
train_00256,0
train_00257,1
train_00258,0
train_00259,1
train_00260,0
train_00262,0
train_00263,1
train_00264,1
train_00265,0
train_00266,0
train_00267,0
train_00268,1
train_00269,0
train_00270,0
train_00271,0
train_00272,1
train_00273,1
train_00274,0
train_00275,0
train_00276,0
train_00277,0
train_00278,1
train_00279,1
train_00280,1
train_00281,0
train_00282,1
train_00283,0
train_00284,1
train_00285,1
train_00286,1
train_00287,0
train_00289,0
train_00290,1
train_00291,0
train_00292,0
train_00293,0
train_00294,0
train_00295,0
train_00296,1
train_00297,1
train_00298,1
train_00299,1
train_00300,0
train_00301,0
train_00302,1
train_00303,0
train_00304,0
train_00305,0
train_00306,1
train_00307,0
train_00308,1
train_00309,1
train_00310,1
train_00311,1
train_00312,1
train_00314,0
train_00315,0
train_00316,0
train_00317,1
train_00318,0
train_00319,0
train_00320,0
train_00321,0
train_00322,1
train_00323,0
train_00324,0
train_00325,1
train_00326,0
train_00327,1
train_00328,1
train_00329,0
train_00330,0
train_00331,0
train_00332,0
train_00333,0
train_00334,0
train_00335,0
train_00336,1
train_00337,0
train_00338,0
train_00339,1
train_00340,0
train_00341,1
train_00342,1
train_00343,1
train_00344,0
train_00345,1
train_00347,1
train_00349,0
train_00350,0
train_00351,0
train_00352,0
train_00353,1
train_00354,1
train_00355,0
train_00356,1
train_00357,0
train_00358,0
train_00359,1
train_00360,0
train_00361,0
train_00362,0
train_00363,1
train_00364,0
train_00365,0
train_00366,0
train_00367,0
train_00368,0
train_00369,0
train_00370,0
train_00371,0
train_00372,1
train_00373,1
train_00374,1
train_00375,0
train_00376,0
train_00377,1
train_00378,0
train_00379,0
train_00380,1
train_00381,1
train_00382,1
train_00383,1
train_00384,0
train_00385,0
train_00386,1
train_00387,0
train_00388,0
train_00389,1
train_00390,0
train_00391,1
train_00392,0
train_00393,0
train_00394,0
train_00395,1
train_00396,1
train_00397,1
train_00398,0
train_00399,0
train_00400,0
train_00401,1
train_00402,1
train_00404,0
train_00405,1
train_00406,0
train_00407,1
train_00408,0
train_00409,1
train_00410,0
train_00411,0
train_00412,0
train_00413,0
train_00414,1
train_00415,0
train_00416,0
train_00417,1
train_00418,0
train_00421,0
train_00422,0
train_00423,1
train_00424,1
train_00425,0
train_00426,0
train_00427,0
train_00428,0
train_00429,0
train_00430,0
train_00431,0
train_00432,1
train_00433,1
train_00434,0
train_00436,0
train_00437,0
train_00438,1
train_00439,1
train_00440,0
train_00441,1
train_00442,1
train_00443,0
train_00444,1
train_00445,1
train_00446,1
train_00448,0
train_00449,0
train_00450,0
train_00451,1
train_00452,0
train_00453,1
train_00454,0
train_00455,0
train_00456,0
train_00457,0
train_00458,1
train_00459,1
train_00460,0
train_00461,0
train_00462,0
train_00463,1
train_00464,1
train_00467,1
train_00468,1
train_00469,0
train_00470,1
train_00471,1
train_00472,0
train_00473,0
train_00474,1
train_00475,1
train_00478,0
train_00479,0
train_00480,1
train_00481,1
train_00482,1
train_00483,0
train_00484,1
train_00485,0
train_00486,1
train_00487,1
train_00488,0
train_00489,0
train_00490,0
train_00491,0
train_00492,0
train_00493,0
train_00494,0
train_00496,1
train_00498,0
train_00499,0
train_00500,1
train_00501,1
train_00502,0
train_00503,1
train_00504,0
train_00505,1
train_00506,1
train_00507,1
train_00508,0
train_00509,1
train_00510,1
train_00511,0
train_00512,1
train_00513,0
train_00514,1
train_00515,0
train_00516,1
train_00517,0
train_00518,0
train_00519,1
train_00520,1
train_00521,0
train_00522,1
train_00523,1
train_00524,0
train_00525,0
train_00526,0
train_00527,0
train_00528,0
train_00529,0
train_00530,1
train_00531,1
train_00532,1
train_00533,1
train_00534,0
train_00535,0
train_00536,0
train_00537,0
train_00538,0
train_00539,0
train_00540,0
train_00541,1
train_00542,1
train_00543,1
train_00544,0
train_00545,0
train_00546,0
train_00547,1
train_00548,0
train_00549,1
train_00550,0
train_00552,0
train_00553,1
train_00554,1
train_00555,0
train_00556,1
train_00557,0
train_00558,0
train_00559,0
train_00560,0
train_00561,0
train_00562,0
train_00563,1
train_00564,1
train_00565,1
train_00566,1
train_00567,1
train_00568,0
train_00569,1
train_00570,1
train_00571,1
train_00572,1
train_00573,0
train_00574,1
train_00575,0
train_00576,0
train_00577,1
train_00578,1
train_00579,0
train_00580,0
train_00581,0
train_00582,1
train_00583,0
train_00584,0
train_00585,1
train_00586,1
train_00587,0
train_00588,0
train_00589,0
train_00590,1
train_00591,1
train_00592,0
train_00593,1
train_00594,0
train_00595,0
train_00596,1
train_00598,0
train_00599,0
train_00600,0
train_00601,0
train_00602,0
train_00603,0
train_00604,0
train_00606,0
train_00607,0
train_00609,0
train_00610,1
train_00611,1
train_00612,0
train_00613,1
train_00614,0
train_00615,0
train_00616,0
train_00617,0
train_00618,0
train_00619,0
train_00620,0
train_00621,1
train_00622,0
train_00623,1
train_00624,0
train_00625,0
train_00626,1
train_00627,0
train_00628,1
train_00629,0
train_00630,0
train_00631,0
train_00632,0
train_00633,0
train_00634,0
train_00635,0
train_00636,1
train_00637,1
train_00638,0
train_00639,0
train_00640,0
train_00641,0
train_00642,1
train_00643,0
train_00644,0
train_00645,0
train_00646,0
train_00647,1
train_00648,0
train_00649,0
train_00650,0
train_00651,1
train_00652,0
train_00653,0
train_00654,0
train_00655,0
train_00656,0
train_00657,1
train_00658,0
train_00659,0
train_00660,0
train_00661,1
train_00662,0
train_00663,0
train_00665,1
train_00667,1
train_00668,1
train_00669,0
train_00670,1
train_00672,0
train_00674,0
train_00675,1
train_00676,0
train_00677,0
train_00678,1
train_00679,0
train_00680,0
train_00681,1
train_00682,0
train_00683,0
train_00684,1
train_00686,1
train_00687,0
train_00688,0
train_00689,1
train_00690,1
train_00691,1
train_00693,0
train_00694,0
train_00695,0
train_00696,0
train_00697,0
train_00698,1
train_00700,1
train_00701,0
train_00702,0
train_00703,0
train_00704,1
train_00705,1
train_00706,0
train_00707,0
train_00708,1
train_00709,1
train_00710,0
train_00711,0
train_00713,1
train_00714,0
train_00715,0
train_00716,0
train_00717,1
train_00718,1
train_00719,1
train_00720,0
train_00721,0
train_00722,0
train_00723,0
train_00724,0
train_00725,0
train_00726,0
train_00727,0
train_00728,0
train_00729,1
train_00730,0
train_00732,1
train_00733,0
train_00734,0
train_00735,0
train_00736,0
train_00737,0
train_00738,1
train_00739,1
train_00740,0
train_00741,0
train_00742,1
train_00743,0
train_00744,1
train_00745,0
train_00746,0
train_00747,1
train_00748,1
train_00749,0
train_00750,1
train_00751,1
train_00752,0
train_00753,0
train_00754,1
train_00755,1
train_00756,1
train_00757,1
train_00758,1
train_00759,0
train_00760,0
train_00761,0
train_00762,1
train_00763,1
train_00764,0
train_00765,0
train_00766,0
train_00767,1
train_00768,0
train_00769,0
train_00771,1
train_00772,0
train_00773,0
train_00774,1
train_00775,0
train_00776,0
train_00777,1
train_00778,0
train_00779,0
train_00780,1
train_00781,1
train_00783,1
train_00785,1
train_00786,0
train_00787,0
train_00788,0
train_00789,0
train_00790,0
train_00791,1
train_00792,0
train_00793,0
train_00794,1
train_00795,1
train_00796,0
train_00797,0
train_00798,0
train_00799,0
train_00800,0
train_00801,0
train_00802,0
train_00803,1
train_00804,0
train_00805,1
train_00806,0
train_00807,1
train_00808,0
train_00809,0
train_00810,0
train_00811,1
train_00813,1
train_00814,1
train_00815,1
train_00816,1
train_00817,0
train_00818,1
train_00819,0
train_00820,1
train_00822,0
train_00823,1
train_00824,0
train_00825,0
train_00826,1
train_00827,1
train_00828,1
train_00829,0
train_00830,0
train_00831,1
train_00832,0
train_00833,0
train_00834,0
train_00835,0
train_00836,0
train_00837,1
train_00838,0
train_00839,0
train_00840,0
train_00841,0
train_00842,1
train_00843,0
train_00844,0
train_00845,0
train_00846,1
train_00847,1
train_00848,1
train_00849,0
train_00850,0
train_00851,0
train_00852,0
train_00853,1
train_00854,0
train_00855,1
train_00856,0
train_00857,0
train_00858,0
train_00859,1
train_00861,0
train_00862,0
train_00863,0
train_00864,1
train_00865,0
train_00866,1
train_00867,0
train_00868,0
train_00869,1
train_00870,1
train_00871,0
train_00872,1
train_00873,0
train_00874,1
train_00875,1
train_00876,0
train_00877,0
train_00879,1
train_00880,0
train_00881,1
train_00882,0
train_00883,0
train_00884,0
train_00885,0
train_00886,0
train_00887,1
train_00888,0
train_00889,0
train_00890,0
train_00891,1
train_00892,0
train_00893,1
train_00894,0
train_00895,0
train_00897,0
train_00898,1
train_00899,0
train_00900,0
train_00901,0
train_00902,0
train_00903,0
train_00904,0
train_00905,0
train_00906,1
train_00908,1
train_00910,0
train_00912,0
train_00913,0
train_00914,1
train_00915,1
train_00916,0
train_00917,0
train_00918,0
train_00919,1
train_00920,0
train_00921,1
train_00922,1
train_00923,1
train_00924,1
train_00925,0
train_00926,1
train_00927,0
train_00928,0
train_00929,1
train_00930,0
train_00931,0
train_00932,0
train_00933,0
train_00934,0
train_00935,0
train_00936,0
train_00938,0
train_00939,0
train_00940,0
train_00941,0
train_00942,1
train_00943,1
train_00944,0
train_00945,0
train_00946,0
train_00947,1
train_00948,0
train_00949,1
train_00950,0
train_00951,1
train_00952,1
train_00953,0
train_00954,0
train_00955,0
train_00956,0
train_00957,1
train_00958,0
train_00959,0
train_00960,0
train_00961,0
train_00962,0
train_00963,0
train_00964,0
train_00965,1
train_00966,0
train_00967,0
train_00968,1
train_00969,0
train_00970,1
train_00971,1
train_00972,0
train_00973,0
train_00974,0
train_00975,1
train_00976,1
train_00977,1
train_00978,0
train_00979,1
train_00980,0
train_00981,1
train_00982,1
train_00983,0
train_00985,0
train_00986,1
train_00987,0
train_00988,0
train_00989,0
train_00990,1
train_00991,0
train_00992,0
train_00993,1
train_00994,0
train_00995,1
train_00996,0
train_00997,1
train_00998,0
train_00999,0
train_01000,1
train_01001,0
train_01002,0
train_01003,1
train_01004,0
train_01005,1
train_01006,1
train_01007,1
train_01008,0
train_01009,1
train_01010,1
train_01011,0
train_01012,1
train_01013,1
train_01014,1
train_01015,1
train_01016,0
train_01017,1
train_01018,0
train_01019,0
train_01020,0
train_01021,0
train_01022,0
train_01023,1
train_01024,0
train_01025,0
train_01026,0
train_01027,0
train_01028,0
train_01029,1
train_01030,1
train_01031,0
train_01032,0
train_01033,1
train_01034,0
train_01035,1
train_01036,0
train_01037,0
train_01038,1
train_01039,0
train_01040,1
train_01041,1
train_01042,0
train_01043,0
train_01044,0
train_01045,0
train_01046,0
train_01047,0
train_01048,1
train_01049,1
train_01050,0
train_01051,1
train_01052,1
train_01053,0
train_01054,0
train_01055,0
train_01056,0
train_01057,1
train_01058,0
train_01059,1
train_01060,0
train_01061,1
train_01062,0
train_01063,1
train_01064,0
train_01065,0
train_01066,0
train_01067,0
train_01069,0
train_01070,1
train_01071,0
train_01072,0
train_01073,0
train_01074,0
train_01076,0
train_01077,1
train_01078,0
train_01079,1
train_01080,0
train_01081,0
train_01082,1
train_01083,0
train_01084,1
train_01085,1
train_01086,1
train_01087,1
train_01088,0
train_01089,0
train_01090,0
train_01091,1
train_01092,0
train_01093,1
train_01094,1
train_01095,0
train_01096,1
train_01097,1
train_01098,1
train_01099,0
train_01100,1
train_01101,0
train_01102,1
train_01103,0
train_01104,1
train_01105,1
train_01106,0
train_01107,0
train_01108,0
train_01109,0
train_01110,0
train_01111,1
train_01112,0
train_01113,0
train_01115,0
train_01116,1
train_01117,1
train_01119,0
train_01120,0
train_01122,0
train_01123,0
train_01124,0
train_01125,0
train_01126,1
train_01127,1
train_01129,1
train_01130,1
train_01131,1
train_01132,1
train_01133,1
train_01134,1
train_01135,1
train_01136,0
train_01137,0
train_01138,0
train_01139,0
train_01140,0
train_01141,1
train_01143,1
train_01144,1
train_01145,0
train_01146,1
train_01147,1
train_01148,0
train_01149,1
train_01150,1
train_01151,1
train_01152,1
train_01153,0
train_01154,0
train_01155,1
train_01156,1
train_01157,0
train_01158,0
train_01159,0
train_01160,0
train_01162,0
train_01163,0
train_01164,1
train_01165,1
train_01166,1
train_01167,0
train_01168,0
train_01169,1
train_01170,0
train_01173,0
train_01174,0
train_01175,1
train_01176,0
train_01177,1
train_01178,0
train_01179,0
train_01180,1
train_01181,0
train_01182,1
train_01183,1
train_01184,1
train_01186,1
train_01187,0
train_01188,0
train_01189,0
train_01192,1
train_01193,1
train_01194,1
train_01195,0
train_01196,0
train_01197,0
train_01199,1
train_01200,1
train_01201,0
train_01202,1
train_01203,0
train_01204,1
train_01205,1
train_01206,0
train_01207,1
train_01208,1
train_01209,1
train_01210,1
train_01211,0
train_01212,1
train_01213,0
train_01214,1
train_01216,1
train_01217,1
train_01218,1
train_01219,0
train_01220,0
train_01221,0
train_01222,0
train_01223,1
train_01224,1
train_01225,0
train_01226,0
train_01227,0
train_01228,0
train_01229,0
train_01230,0
train_01231,1
train_01232,1
train_01233,1
train_01234,1
train_01235,1
train_01236,1
train_01237,0
train_01238,0
train_01239,0
train_01240,1
train_01241,1
train_01242,0
train_01243,0
train_01244,1
train_01245,0
train_01246,0
train_01247,0
train_01248,1
train_01249,0
train_01251,1
train_01252,1
train_01253,0
train_01254,1
train_01255,1
train_01256,0
train_01257,0
train_01258,0
train_01259,0
train_01260,1
train_01261,0
train_01262,0
train_01263,0
train_01264,1
train_01265,1
train_01266,0
train_01267,0
train_01268,1
train_01269,0
train_01270,1
train_01271,0
train_01272,0
train_01273,1
train_01274,0
train_01275,0
train_01276,0
train_01277,1
train_01278,1
train_01279,0
train_01280,1
train_01281,0
train_01282,0
train_01283,1
train_01284,0
train_01285,0
train_01286,1
train_01287,1
train_01288,0
train_01289,1
train_01290,1
train_01291,0
train_01292,0
train_01293,0
train_01294,0
train_01295,1
train_01296,1
train_01297,1
train_01298,1
train_01299,0
train_01300,1
train_01301,0
train_01302,0
train_01303,0
train_01304,0
train_01305,1
train_01306,0
train_01307,1
train_01308,0
train_01309,1
train_01310,1
train_01311,1
train_01312,1
train_01313,1
train_01314,0
train_01315,1
train_01316,1
train_01317,1
train_01318,1
train_01319,1
train_01320,1
train_01321,1
train_01322,0
train_01323,0
train_01324,0
train_01325,0
train_01327,1
train_01328,0
train_01329,0
train_01330,0
train_01331,0
train_01332,1
train_01333,0
train_01334,0
train_01335,0
train_01337,1
train_01338,0
train_01339,1
train_01340,0
train_01341,0
train_01342,1
train_01344,0
train_01345,0
train_01346,0
train_01347,0
train_01348,1
train_01349,1
train_01350,1
train_01351,0
train_01352,1
train_01353,0
train_01354,1
train_01356,0
train_01357,0
train_01358,1
train_01359,0
train_01360,1
train_01361,1
train_01362,0
train_01363,1
train_01364,0
train_01365,1
